type,subject,tertile,est,ll,ul
bayes,math,1,0.028672335665560766,-0.3676316191714918,0.4249777522993321
bayes,math,2,-0.020584825459556682,-0.07964722690728529,0.03847610011189293
bayes,math,3,-0.09905140184581118,-0.16576444719458427,-0.03234238492419103
bayes,rla,1,0.06657565293137095,-0.27836848310088047,0.41152140202197385
bayes,rla,2,-0.016639749798990338,-0.06835174002640361,0.035070678799649875
bayes,rla,3,-0.15066775507483804,-0.20856227685365455,-0.09277641323645612
