type,subject,tertile,est,ll,ul
bayes,math,1,0.028664600392837112,-0.3676355099135904,0.42496623390200194
bayes,math,2,-0.020583971738090574,-0.07964601524608617,0.03847655143223448
bayes,math,3,-0.09904559767082097,-0.16575929692786373,-0.032336070374245525
bayes,rla,1,0.06657269863175533,-0.2783717959048591,0.4115188284206417
bayes,rla,2,-0.016638945790178,-0.06835112493089292,0.03507164738258234
bayes,rla,3,-0.15066517595677167,-0.20856045703816709,-0.09277314374153875
